CANMORE ID,SITE NUMBER,SITE NAME,SITE TYPE,SITE EASTING,SITE NORTHING,COUNCIL,COUNTY,PARISH,NGR,URL
"4156","NB23SW 1","Lewis, Callanish","Avenue, Chambered Cairn (Neolithic), Stone Circle (Neol/bronze Age), Stone Row(S) (Neol/bronze Age)","121300","933017","WESTERN ISLES","ROSS AND CROMARTY","UIG","NB 21300 33017","http://canmore.org.uk/site/4156",
"39454","NR89NW 14","Ballymeanoch","Cup Marked Stone (Prehistoric), Standing Stone(S) (Prehistoric)","183370","696410","ARGYLL AND BUTE","ARGYLL","KILMICHAEL GLASSARY","NR 8337 9641","http://canmore.org.uk/site/39454",
"4169","NB23SW 3","Lewis, Callanish, 'tursachan'","Cairn (Period Unassigned), Stone Circle (Neol/bronze Age)","122215","932617","WESTERN ISLES","ROSS AND CROMARTY","UIG","NB 22215 32617","http://canmore.org.uk/site/4169",
"4112","NB13SE 2","Great Bernera, 'tursachan', Barraglom","Standing Stone(S) (Prehistoric)","116420","934240","WESTERN ISLES","ROSS AND CROMARTY","UIG","NB 1642 3424","http://canmore.org.uk/site/4112",
"39471","NR89NW 3","Nether Largie","Standing Stone(S) (Prehistoric)","182820","697600","ARGYLL AND BUTE","ARGYLL","KILMARTIN","NR 8282 9760","http://canmore.org.uk/site/39471",
"4167","NB23SW 2","Lewis, Callanish, Cnoc Fillibhir Bheag, 'tursachan'","Stone Circle (Neol/bronze Age)","122517","932712","WESTERN ISLES","ROSS AND CROMARTY","UIG","NB 22517 32712","http://canmore.org.uk/site/4167",
"17820","NJ54NE 6","Rothiemay","Recumbent Stone Circle (Neol/bronze Age)","355080","848720","MORAY","BANFFSHIRE","ROTHIEMAY","NJ 5508 4872","http://canmore.org.uk/site/17820",
"18548","NJ70SE 2","Cullerlie","Stone Circle (Neol/bronze Age)","378500","804280","ABERDEENSHIRE","ABERDEENSHIRE","ECHT","NJ 7850 0428","http://canmore.org.uk/site/18548",
"4151","NB23NW 3","Lewis, Beinn Bheag","Cairn(S) (Period Unassigned), Shieling Hut(S) (Post Medieval), Standing Stone (Prehistoric), Stone(S) (Period Unassigned), Axehead (Stone)","122230","935690","WESTERN ISLES","ROSS AND CROMARTY","UIG","NB 2223 3569","http://canmore.org.uk/site/4151",
"28207","NO12SE 20","St Madoes, Pitfour","Cup Marked Stone (Prehistoric), Standing Stone(S) (Prehistoric)","319720","720980","PERTH AND KINROSS","PERTHSHIRE","ST MADOES","NO 1972 2098","http://canmore.org.uk/site/28207",
"32656","NO40SW 1","Lundin Links, Standing Stones Of Lundin","Standing Stone(S) (Prehistoric)","340480","702720","FIFE","FIFE","LARGO","NO 4048 0272","http://canmore.org.uk/site/32656",
"26170","NN92SW 1","Fowlis Wester","Cairn (Bronze/iron Age), Standing Stone (Prehistoric), Stone Circle(S) (Neol/bronze Age)","292400","724900","PERTH AND KINROSS","PERTHSHIRE","FOWLIS WESTER","NN 924 249","http://canmore.org.uk/site/26170",
"18823","NJ72NW 4","New Craig","Cup Marked Stone (Prehistoric)","374580","829680","ABERDEENSHIRE","ABERDEENSHIRE","DAVIOT","NJ 7458 2968","http://canmore.org.uk/site/18823",
"19403","NJ80SE 4","Blacktop","Cup Marked Stone(S) (Prehistoric)","385900","804450","ABERDEEN, CITY OF","ABERDEENSHIRE","PETERCULTER","NJ 8590 0445","http://canmore.org.uk/site/19403",
"62751","NX34SE 1","Drumtroddan","Cup And Ring Marked Rock (Prehistoric)","236260","544739","DUMFRIES AND GALLOWAY","WIGTOWNSHIRE","MOCHRUM","NX 36260 44739","http://canmore.org.uk/site/62751",
"4173","NB23SW 7","Lewis, Cul A'chleit","Standing Stone(S) (Prehistoric)","124650","930340","WESTERN ISLES","ROSS AND CROMARTY","UIG","NB 2465 3034","http://canmore.org.uk/site/4173",
"47758","NS96NE 2","Gala Braes","Standing Stone(S) (Prehistoric)","298810","669830","WEST LOTHIAN","WEST LOTHIAN","BATHGATE","NS 9881 6983","http://canmore.org.uk/site/47758",
"50795","NT17SW 8","Newbridge, Huly Hill","Barrow (Prehistoric), Standing Stone(S) (Prehistoric)","312342","672610","EDINBURGH, CITY OF","MIDLOTHIAN","KIRKLISTON (CITY OF EDINBURGH/MIDLOTHIAN)","NT 12342 72610","http://canmore.org.uk/site/50795",
"51642","NT25NW 3","The Gowk Stane, Auchencorth","Standing Stone (Prehistoric)","320390","657640","MIDLOTHIAN","MIDLOTHIAN","PENICUIK (MIDLOTHIAN)","NT 2039 5764","http://canmore.org.uk/site/51642",
"52108","NT27SE 106","Edinburgh, Liberton, Ravenswood Avenue","Standing Stone (Prehistoric)","328280","670490","EDINBURGH, CITY OF","MIDLOTHIAN","EDINBURGH (EDINBURGH, CITY OF)","NT 2828 7049","http://canmore.org.uk/site/52108",
"17915","NJ55SE 6","St Marnan's Chair","Standing Stone(S) (Prehistoric), Stone Circle (Neol/bronze Age)(Possible)","359709","850199","ABERDEENSHIRE","BANFFSHIRE","MARNOCH","NJ 59709 50199","http://canmore.org.uk/site/17915",
"22824","NM80SW 1","Kintraw","Cairn(S) (Period Unassigned), Enclosure (Period Unassigned), Standing Stone (Prehistoric)","183060","704970","ARGYLL AND BUTE","ARGYLL","KILMARTIN","NM 8306 0497","http://canmore.org.uk/site/22824",
"27912","NO10SW 8","Orwell","Standing Stone(S) (Prehistoric)","314940","704320","PERTH AND KINROSS","KINROSS-SHIRE","ORWELL","NO 1494 0432","http://canmore.org.uk/site/27912",
"28710","NO14NE 14","Broad Moss","Standing Stone(S) (Prehistoric)","319840","747710","PERTH AND KINROSS","PERTHSHIRE","RATTRAY","NO 1984 4771","http://canmore.org.uk/site/28710",
"38270","NR57SE 3","Jura, Knockrome","Standing Stone (Prehistoric)","155030","671480","ARGYLL AND BUTE","ARGYLL","JURA","NR 5503 7148","http://canmore.org.uk/site/38270",
"4143","NB22NW 1","Lewis, Garynahine, Airidh Nam Bidearan, 'tursachan'","Stone Circle (Neol/bronze Age)","123420","929890","WESTERN ISLES","ROSS AND CROMARTY","UIG","NB 2342 2989","http://canmore.org.uk/site/4143",
"4170","NB23SW 4","Lewis, Garynahine, 'tursachan'","Cairn (Period Unassigned), Stone Circle (Neol/bronze Age)","122970","930420","WESTERN ISLES","ROSS AND CROMARTY","UIG","NB 2297 3042","http://canmore.org.uk/site/4170",
"4172","NB23SW 6","Lewis, Druim Nan Eum","Quarry (Period Unassigned), Stone Circle (Neol/bronze Age)","122970","933620","WESTERN ISLES","ROSS AND CROMARTY","UIG","NB 2297 3362","http://canmore.org.uk/site/4172",
"4175","NB23SW 9","Lewis, Cnoc Dubh","Enclosure (Period Unassigned), Sheepfold (Period Unassigned), Shieling Hut(S) (Post Medieval)","123200","930200","WESTERN ISLES","ROSS AND CROMARTY","UIG","NB 232 302","http://canmore.org.uk/site/4175",
"17643","NJ52NE 6","Braehead","Recumbent Stone Circle (Neol/bronze Age)","359260","825560","ABERDEENSHIRE","ABERDEENSHIRE","LESLIE (GORDON)","NJ 5926 2556","http://canmore.org.uk/site/17643",
"17675","NJ52NW 6","The Sunken Kirk, Seggieden","Cist(S) (Period Unassigned), Stone Circle (Neol/bronze Age), Cinerary Urn","354910","827080","ABERDEENSHIRE","ABERDEENSHIRE","CLATT","NJ 5491 2708","http://canmore.org.uk/site/17675",
"17852","NJ54NW 7","Avochie","Cup And Ring Marked Stone (Prehistoric)","353980","846840","ABERDEENSHIRE","ABERDEENSHIRE","HUNTLY","NJ 5398 4684","http://canmore.org.uk/site/17852",
"18055","NJ61NW 1","Cothiemuir Wood","Recumbent Stone Circle (Neol/bronze Age)","361711","819809","ABERDEENSHIRE","ABERDEENSHIRE","KEIG","NJ 61711 19809","http://canmore.org.uk/site/18055",
"18190","NJ62SW 1","Loanend","Cup Marked Stone (Prehistoric), Recumbent Stone Circle (Neol/bronze Age)","360490","824210","ABERDEENSHIRE","ABERDEENSHIRE","PREMNAY","NJ 6049 2421","http://canmore.org.uk/site/18190",
"18789","NJ72NW 1","Loanhead Of Daviot","Recumbent Stone Circle (Neol/bronze Age)","374770","828850","ABERDEENSHIRE","ABERDEENSHIRE","DAVIOT","NJ 7477 2885","http://canmore.org.uk/site/18789",
"18891","NJ72SE 20","Cuning Hill","Cairn (Period Unassigned), Beaker","377390","820960","ABERDEENSHIRE","ABERDEENSHIRE","INVERURIE","NJ 7739 2096","http://canmore.org.uk/site/18891",
"19414","NJ80SE 5","Gairn Hill","Cup Marked Stone (Prehistoric)","385500","804600","ABERDEEN, CITY OF","ABERDEENSHIRE","PETERCULTER","NJ 855 046","http://canmore.org.uk/site/19414",
"19419","NJ80SE 6","Gairnhill Wood","Cairnfield (Period Unassigned), Cultivation Remains (Period Unassigned)","385500","804600","ABERDEEN, CITY OF","ABERDEENSHIRE","PETERCULTER","NJ 855 046","http://canmore.org.uk/site/19419",
"22100","NM45SW 15","Quinish, Mull","Cist (Period Unassigned), Food Vessel","141500","753850","ARGYLL AND BUTE","ARGYLL","KILNINIAN AND KILMORE","NM 4150 5385","http://canmore.org.uk/site/22100",
"26923","NO02SE 7","West Lamberkine","Cup And Ring Marked Stone (Prehistoric)","306540","722960","PERTH AND KINROSS","PERTHSHIRE","ABERDALGIE","NO 0654 2296","http://canmore.org.uk/site/26923",
"26925","NO02SE 8","Glendevon Farm","Cup And Ring Marked Stone (Prehistoric), Enclosure(S) (Period Unassigned)","307260","723570","PERTH AND KINROSS","PERTHSHIRE","TIBBERMORE","NO 0726 2357","http://canmore.org.uk/site/26925",
"28134","NO12NE 7","Shianbank","Stone Circle(S) (Neol/bronze Age)","315566","727305","PERTH AND KINROSS","PERTHSHIRE","SCONE","NO 15566 27305","http://canmore.org.uk/site/28134",
"28496","NO13NE 3","Meikleour","Stone(S) (Period Unassigned)","315990","738490","PERTH AND KINROSS","PERTHSHIRE","CAPUTH","NO 1599 3849","http://canmore.org.uk/site/28496",
"50366","NT16NW 8","Witches' Stone","Cup Marked Stone (Prehistoric)","312730","669730","EDINBURGH, CITY OF","MIDLOTHIAN","RATHO","NT 1273 6973","http://canmore.org.uk/site/50366",
"51757","NT26NW 15","Caiyside Hill, Oxgangs, Edinburgh","Earthwork (Period Unassigned)","324560","668380","EDINBURGH, CITY OF","MIDLOTHIAN","EDINBURGH (EDINBURGH, CITY OF)","NT 2456 6838","http://canmore.org.uk/site/51757",
"63418","NX45SW 8","North Balfern","Cup And Ring Marked Rock (Prehistoric)","243400","550900","DUMFRIES AND GALLOWAY","WIGTOWNSHIRE","KIRKINNER","NX 434 509","http://canmore.org.uk/site/63418",
"63419","NX45SW 9","Balfern Lodge","Cup And Ring Marked Stone (Prehistoric)","243150","550550","DUMFRIES AND GALLOWAY","WIGTOWNSHIRE","KIRKINNER","NX 4315 5055","http://canmore.org.uk/site/63419",
"4160","NB23SW 13","Lewis, Callanish, Cliacabhadh","Standing Stone (Prehistoric), Stone(S) (Period Unassigned)","121300","933800","WESTERN ISLES","ROSS AND CROMARTY","UIG","NB 213 338","http://canmore.org.uk/site/4160",
"4163","NB23SW 16","Lewis, Buaile Chruaidh","Standing Stone (Prehistoric)(Possible)","121800","933100","WESTERN ISLES","ROSS AND CROMARTY","UIG","NB 218 331","http://canmore.org.uk/site/4163",
"25924","NN90NW 3","Peterhead Farm, Gleneagles","Pictish Symbol Stone (Pictish), Standing Stone (Prehistoric)","292430","709810","PERTH AND KINROSS","PERTHSHIRE","BLACKFORD","NN 9243 0981","http://canmore.org.uk/site/25924",
"4162","NB23SW 15","Lewis, Callanish, Tob Nan Leobag","Field System (Period Unassigned)","121800","932600","WESTERN ISLES","ROSS AND CROMARTY","UIG","NB 218 326","http://canmore.org.uk/site/4162",
"27127","NO04SE 2","East Cult","Cup Marked Stone (Prehistoric), Standing Stone(S) (Prehistoric)","307250","742160","PERTH AND KINROSS","PERTHSHIRE","CAPUTH","NO 0725 4216","http://canmore.org.uk/site/27127",
"30156","NO21SE 18","Newton Of Collessie, Standing Stone","Pictish Symbol Stone (Pictish), Standing Stone (Prehistoric)","329271","713244","FIFE","FIFE","COLLESSIE","NO 29271 13244","http://canmore.org.uk/site/30156",
"30672","NO23SW 2","Bandirran","Standing Stone(S) (Prehistoric), Stone (Period Unassigned)","321070","730960","PERTH AND KINROSS","PERTHSHIRE","COLLACE","NO 2107 3096","http://canmore.org.uk/site/30672",
"4171","NB23SW 5","Lewis, Stonefield","Standing Stone (Prehistoric)","121550","934960","WESTERN ISLES","ROSS AND CROMARTY","UIG","NB 2155 3496","http://canmore.org.uk/site/4171",
"25448","NN82SE 27","Monzie, Witches' Stone","Standing Stone (Prehistoric)","287980","724310","PERTH AND KINROSS","PERTHSHIRE","CRIEFF","NN 8798 2431","http://canmore.org.uk/site/25448",
"25726","NN85SE 8","Lundin","Cup Marked Stone (Prehistoric), Standing Stone(S) (Prehistoric)","288020","750620","PERTH AND KINROSS","PERTHSHIRE","LOGIERAIT","NN 8802 5062","http://canmore.org.uk/site/25726",
"79","HP50SW 5","Yell, Papil, Burn Of Forsc","Standing Stone (Prehistoric)","453780","1204250","SHETLAND ISLANDS","SHETLAND","YELL","HP 5378 0425","http://canmore.org.uk/site/79",
"339","HU24SE 6","Sotersta","Standing Stone(S) (Prehistoric)","426160","1144640","SHETLAND ISLANDS","SHETLAND","SANDSTING","HU 2616 4464","http://canmore.org.uk/site/339",
"1384","HU59NW 4","Yell, Gutcher","Standing Stone (Prehistoric)","454860","1198570","SHETLAND ISLANDS","SHETLAND","YELL","HU 5486 9857","http://canmore.org.uk/site/1384",
"1713","HY21SE 25","Loch Of Stenness","Standing Stone(S) (Prehistoric)","327170","1011710","ORKNEY ISLANDS","ORKNEY","STROMNESS","HY 2717 1171","http://canmore.org.uk/site/1713",
"4212","NB24SW 1","Lewis, Carloway, Clach An Tursa","Standing Stone(S) (Prehistoric)","120410","942950","WESTERN ISLES","ROSS AND CROMARTY","UIG","NB 2041 4295","http://canmore.org.uk/site/4212",
"4264","NB35SE 1","Lewis, Clach An Trushal","Standing Stone (Prehistoric)","137560","953779","WESTERN ISLES","ROSS AND CROMARTY","BARVAS","NB 37560 53779","http://canmore.org.uk/site/4264",
"4396","NB53SW 5","Lewis, Lower Bayble, Clach Stein","Standing Stone (Prehistoric)","151650","931740","WESTERN ISLES","ROSS AND CROMARTY","STORNOWAY","NB 5165 3174","http://canmore.org.uk/site/4396",
"4428","NB56SW 12","Lewis, Ness, Clach Stein","Standing Stone(S) (Prehistoric)","153485","964182","WESTERN ISLES","ROSS AND CROMARTY","BARVAS","NB 53485 64182","http://canmore.org.uk/site/4428",
"8660","ND23SW 7","Buldoo, Latheron","Standing Stone (Prehistoric)","320000","933690","HIGHLAND","CAITHNESS","LATHERON","ND 2000 3369","http://canmore.org.uk/site/8660",
"10363","NF87SE 29","North Uist, Skealtraval","Standing Stone(S) (Prehistoric)","85300","870700","WESTERN ISLES","INVERNESS-SHIRE","NORTH UIST","NF 853 707","http://canmore.org.uk/site/10363",
"10467","NF98NE 3","Ensay","Standing Stone (Prehistoric)","98041","886679","WESTERN ISLES","INVERNESS-SHIRE","HARRIS","NF 98041 86679","http://canmore.org.uk/site/10467",
"10532","NG09NW 4","Harris, Clach Mhic Leoid","Cairn (Prehistoric)(Possible), Standing Stone (Prehistoric)","104090","897200","WESTERN ISLES","INVERNESS-SHIRE","HARRIS","NG 0409 9720","http://canmore.org.uk/site/10532",
"10546","NG09SW 2","Harris, Borvemore","Standing Stone (Prehistoric)","102020","893920","WESTERN ISLES","INVERNESS-SHIRE","HARRIS","NG 0202 9392","http://canmore.org.uk/site/10546",
"11325","NG45SW 14","Kensalyre, Skye","Cairn(S) (Period Unassigned), Standing Stone(S) (Prehistoric)","142560","850630","HIGHLAND","INVERNESS-SHIRE","SNIZORT","NG 4256 5063","http://canmore.org.uk/site/11325",
"17139","NJ41SE 9","The Lang Stane","Natural Feature (Period Unknown), Standing Stone (Prehistoric)","348030","813940","ABERDEENSHIRE","ABERDEENSHIRE","TOWIE","NJ 4803 1394","http://canmore.org.uk/site/17139",
"20512","NJ93SW 1","The Candle Stone, Drumwhindle","Standing Stone (Prehistoric)","392140","834850","ABERDEENSHIRE","ABERDEENSHIRE","ELLON","NJ 9214 3485","http://canmore.org.uk/site/20512",
"21114","NK05SW 4","Gray Stone, Cortiecram","Standing Stone (Prehistoric), Stone Circle (Neol/bronze Age)(Possible)","402710","850710","ABERDEENSHIRE","ABERDEENSHIRE","LONMAY","NK 0271 5071","http://canmore.org.uk/site/21114",
"21403","NL69SW 2","Vatersay, Cuithe Heillanish","Enclosure (Period Unassigned), Standing Stone (Prehistoric)(Possible)","62770","793890","WESTERN ISLES","INVERNESS-SHIRE","BARRA","NL 6277 9389","http://canmore.org.uk/site/21403",
"21839","NM35SE 23","Mull, Lag","Standing Stone(S) (Prehistoric)","136264","753311","ARGYLL AND BUTE","ARGYLL","KILNINIAN AND KILMORE","NM 36264 53311","http://canmore.org.uk/site/21839",
"21856","NM35SW 1","Caliach Point, Mull","Standing Stone(S) (Prehistoric)(Possible)","134800","754300","ARGYLL AND BUTE","ARGYLL","KILNINIAN AND KILMORE","NM 348 543","http://canmore.org.uk/site/21856",
"21972","NM41NW 1","Kilvickeon Old Parish Church, Mull","Burial Ground (Medieval), Church (13th Century), Gravestone (16th Century), Gravestone(S) (18th Century), Sheela Na Gig (Medieval)","141198","719621","ARGYLL AND BUTE","ARGYLL","KILFINICHEN AND KILVICKEON","NM 41198 19621","http://canmore.org.uk/site/21972",
"22078","NM45NW 2","Mull, Glengorm","Standing Stone(S) (Prehistoric)","143470","757130","ARGYLL AND BUTE","ARGYLL","KILNINIAN AND KILMORE","NM 4347 5713","http://canmore.org.uk/site/22078",
"22081","NM45NW 5","Mull, Mingary","Standing Stone(S) (Prehistoric)","141350","755240","ARGYLL AND BUTE","ARGYLL","KILNINIAN AND KILMORE","NM 4135 5524","http://canmore.org.uk/site/22081",
"22114","NM45SW 4","Mull, Cnoc Fada, Dervaig","Standing Stone(S) (Prehistoric)","143900","752030","ARGYLL AND BUTE","ARGYLL","KILNINIAN AND KILMORE","NM 4390 5203","http://canmore.org.uk/site/22114",
"22787","NM80SE 29","Creagantairbh Beag","Standing Stone(S) (Prehistoric)","185950","701560","ARGYLL AND BUTE","ARGYLL","KILMARTIN","NM 8595 0156","http://canmore.org.uk/site/22787",
"24910","NN74NE 3","Newhall Bridge","Standing Stone(S) (Prehistoric)","279260","746680","PERTH AND KINROSS","PERTHSHIRE","DULL","NN 7926 4668","http://canmore.org.uk/site/24910",
"25687","NN85SE 1","Creagan Feadaire","Standing Stone(S) (Prehistoric)","289640","754300","PERTH AND KINROSS","PERTHSHIRE","LOGIERAIT","NN 8964 5430","http://canmore.org.uk/site/25687",
"25701","NN85SE 22","Carn Tulach","Cist(S) (Period Unassigned)(Possible), Standing Stone (Prehistoric), Hammer (Stone)","287390","750450","PERTH AND KINROSS","PERTHSHIRE","LOGIERAIT","NN 8739 5045","http://canmore.org.uk/site/25701",
"25829","NN86SE 16","Fincastle Farm","Standing Stone(S) (Prehistoric)","287370","762750","PERTH AND KINROSS","PERTHSHIRE","BLAIR ATHOLL","NN 8737 6275","http://canmore.org.uk/site/25829",
"27109","NO04NW 2","Dowally","Standing Stone(S) (Neol/bronze Age)","300030","747990","PERTH AND KINROSS","PERTHSHIRE","DUNKELD AND DOWALLY","NO 0003 4799","http://canmore.org.uk/site/27109",
"27206","NO04SW 7","Newtyle","Standing Stone(S) (Prehistoric)","304490","741070","PERTH AND KINROSS","PERTHSHIRE","DUNKELD AND DOWALLY","NO 0449 4107","http://canmore.org.uk/site/27206",
"27267","NO05NE 2","Balnabroich","Standing Stone(S) (Prehistoric)","309180","756580","PERTH AND KINROSS","PERTHSHIRE","KIRKMICHAEL (PERTH AND KINROSS)","NO 0918 5658","http://canmore.org.uk/site/27267",
"28632","NO13SE 9","St Martins","Standing Stone(S) (Prehistoric)","315950","731220","PERTH AND KINROSS","PERTHSHIRE","ST MARTINS","NO 1595 3122","http://canmore.org.uk/site/28632",
"28636","NO13SW 12","Loanhead","Standing Stone(S) (Prehistoric)","314770","732860","PERTH AND KINROSS","PERTHSHIRE","ST MARTINS","NO 1477 3286","http://canmore.org.uk/site/28636",
"29270","NO16NW 1","Broughdearg","Standing Stone(S) (Prehistoric)","313740","767040","PERTH AND KINROSS","PERTHSHIRE","KIRKMICHAEL (PERTH AND KINROSS)","NO 1374 6704","http://canmore.org.uk/site/29270",
"37581","NR34NE 7","Islay, Achnancarranan","Standing Stone(S) (Prehistoric)","138950","646060","ARGYLL AND BUTE","ARGYLL","KILDALTON AND OA","NR 3895 4606","http://canmore.org.uk/site/37581",
"38233","NR56NW 2","Jura, Carragh A' Ghlinne","Standing Stone(S) (Prehistoric)","151280","666480","ARGYLL AND BUTE","ARGYLL","JURA","NR 5128 6648","http://canmore.org.uk/site/38233",
"38246","NR56SW 3","Jura, Strone","Standing Stone(S) (Prehistoric)","150780","663750","ARGYLL AND BUTE","ARGYLL","JURA","NR 5078 6375","http://canmore.org.uk/site/38246",
"38247","NR56SW 4","Jura, Sannaig","Standing Stone(S) (Prehistoric)","151840","664800","ARGYLL AND BUTE","ARGYLL","JURA","NR 5184 6480","http://canmore.org.uk/site/38247",
"38279","NR57SW 3","Jura, Knockrome","Standing Stone (Prehistoric)","154840","671440","ARGYLL AND BUTE","ARGYLL","JURA","NR 5484 7144","http://canmore.org.uk/site/38279",
"38317","NR61NE 12","High Knockrioch","Standing Stone (Prehistoric)","169940","619820","ARGYLL AND BUTE","ARGYLL","CAMPBELTOWN","NR 6994 1982","http://canmore.org.uk/site/38317",
"38374","NR62NE 18","Highpark","Standing Stone (Prehistoric)","169440","625730","ARGYLL AND BUTE","ARGYLL","KILLEAN AND KILCHENZIE","NR 6944 2573","http://canmore.org.uk/site/38374",
"38405","NR62SE 15","Clochkeil, Kintyre","Standing Stone(S) (Prehistoric)","165770","624450","ARGYLL AND BUTE","ARGYLL","CAMPBELTOWN","NR 6577 2445","http://canmore.org.uk/site/38405",
"38443","NR63NE 18","Barlea","Standing Stone (Prehistoric), Organic Material (Wood)(Bronze Age)","166160","637070","ARGYLL AND BUTE","ARGYLL","KILLEAN AND KILCHENZIE","NR 6616 3707","http://canmore.org.uk/site/38443",
"38444","NR63NE 19","Low Margmonagach","Standing Stone (Prehistoric)","167030","635450","ARGYLL AND BUTE","ARGYLL","KILLEAN AND KILCHENZIE","NR 6703 3545","http://canmore.org.uk/site/38444",
"38566","NR64SE 2","Beacharr","Standing Stone (Prehistoric)","169260","643310","ARGYLL AND BUTE","ARGYLL","KILLEAN AND KILCHENZIE","NR 6926 4331","http://canmore.org.uk/site/38566",
"38608","NR65SE 22","Gigha, Carragh An Tarbert","Standing Stone (Prehistoric)","165550","652280","ARGYLL AND BUTE","ARGYLL","GIGHA AND CARA","NR 6555 5228","http://canmore.org.uk/site/38608",
"38656","NR68SW 1","Jura, Tarbert","Standing Stone (Prehistoric)","160620","682290","ARGYLL AND BUTE","ARGYLL","JURA","NR 6062 8229","http://canmore.org.uk/site/38656",
"38657","NR68SW 2","Jura, Carragh Chaluim Bhainn","Cross Incised Stone (Early Medieval), Standing Stone (Prehistoric)","160890","682200","ARGYLL AND BUTE","ARGYLL","JURA","NR 6089 8220","http://canmore.org.uk/site/38657",
"38725","NR71SW 10","Knockstapple","Standing Stone (Prehistoric)","170260","612410","ARGYLL AND BUTE","ARGYLL","SOUTHEND","NR 7026 1241","http://canmore.org.uk/site/38725",
"38741","NR72NE 13","Glenlussa Lodge","Standing Stone (Prehistoric)","176140","625420","ARGYLL AND BUTE","ARGYLL","CAMPBELTOWN","NR 7614 2542","http://canmore.org.uk/site/38741",
"38765","NR72NW 13","Skeroblin Cruach","Standing Stone (Prehistoric)","170930","627010","ARGYLL AND BUTE","ARGYLL","CAMPBELTOWN","NR 7093 2701","http://canmore.org.uk/site/38765",
"38812","NR72SW 3","Balegreggan","Standing Stone (Prehistoric)","172380","621230","ARGYLL AND BUTE","ARGYLL","CAMPBELTOWN","NR 7238 2123","http://canmore.org.uk/site/38812",
"38863","NR73NW 7","Mackay's Cross, Arnicle","Standing Stone (Prehistoric)","173492","635065","ARGYLL AND BUTE","ARGYLL","KILLEAN AND KILCHENZIE","NR 73492 35065","http://canmore.org.uk/site/38863",
"38931","NR75NE 14","Dun Skeig","Standing Stone(S) (Prehistoric)","175800","657000","ARGYLL AND BUTE","ARGYLL","KILCALMONELL","NR 758 570","http://canmore.org.uk/site/38931",
"38960","NR75SW 3","Ballochroy","Standing Stone(S) (Prehistoric)","173090","652420","ARGYLL AND BUTE","ARGYLL","KILCALMONELL","NR 7309 5242","http://canmore.org.uk/site/38960",
"39080","NR78NW 1","Barnashalg","Cup Marked Stone (Prehistoric), Standing Stone (Prehistoric)","172980","686400","ARGYLL AND BUTE","ARGYLL","NORTH KNAPDALE","NR 7298 8640","http://canmore.org.uk/site/39080",
"39335","NR86NW 2","Escart","Standing Stone(S) (Prehistoric)","184600","666740","ARGYLL AND BUTE","ARGYLL","KILCALMONELL","NR 8460 6674","http://canmore.org.uk/site/39335",
"39519","NR89NW 73","Slockavullin","Standing Stone(S) (Prehistoric)","182520","697610","ARGYLL AND BUTE","ARGYLL","KILMARTIN","NR 8252 9761","http://canmore.org.uk/site/39519",
"39544","NR89SE 12","Torbhlaran","Standing Stone (Prehistoric)","186070","694280","ARGYLL AND BUTE","ARGYLL","KILMICHAEL GLASSARY","NR 8607 9428","http://canmore.org.uk/site/39544",
"39581","NR89SW 25","Dunadd","Standing Stone (Prehistoric)","183960","693440","ARGYLL AND BUTE","ARGYLL","KILMICHAEL GLASSARY","NR 8396 9344","http://canmore.org.uk/site/39581",
"39785","NR95NW 1","Monybachach","Standing Stone (Prehistoric)(Possible)","190630","658760","ARGYLL AND BUTE","ARGYLL","SADDELL AND SKIPNESS","NR 9063 5876","http://canmore.org.uk/site/39785",
"40258","NS05NE 8","Bute, Blackpark Plantation","Cross Incised Stone (Early Medieval), Standing Stone(S) (Prehistoric), Stone Setting (Neol/bronze Age)","209164","655666","ARGYLL AND BUTE","BUTESHIRE","KINGARTH","NS 09164 55666","http://canmore.org.uk/site/40258",
"44605","NS58SW 3","Dumgoyach","Standing Stone(S) (Prehistoric), Stone Row (Neol/bronze Age)","253280","680720","STIRLING","STIRLINGSHIRE","STRATHBLANE (STIRLING)","NS 5328 8072","http://canmore.org.uk/site/44605",
"45002","NS66NW 170","Glasgow, Glasgow Cathedral, 70 Cathedral Square, Cathedral Of St Mungo","Cathedral (12th Century), Human Remains (Period Unassigned), War Memorial(S) (Period Unassigned)","260248","665577","GLASGOW, CITY OF","LANARKSHIRE","GLASGOW (CITY OF GLASGOW)","NS 60248 65577","http://canmore.org.uk/site/45002",
"45305","NS68NW 4","Knockraich","Standing Stone (Prehistoric)","260890","687740","STIRLING","STIRLINGSHIRE","FINTRY","NS 6089 8774","http://canmore.org.uk/site/45305",
"46226","NS79SE 43","Stirling","Standing Stone(S) (Prehistoric)","279440","692440","STIRLING","STIRLINGSHIRE","STIRLING","NS 7944 9244","http://canmore.org.uk/site/46226",
"47166","NS89NW 9","University Of Stirling","Standing Stone (Prehistoric)","280604","696871","STIRLING","STIRLINGSHIRE","LOGIE (STIRLING)","NS 80604 96871","http://canmore.org.uk/site/47166",
"52785","NT28NW 18","Glassmount","Standing Stone(S) (Prehistoric)","324370","688380","FIFE","FIFE","KINGHORN","NT 2437 8838","http://canmore.org.uk/site/52785",
"53054","NT32NE 1","Warrior's Rest","Cairn (Period Unassigned), Long Cist(S) (Early Medieval), Standing Stone (Prehistoric), Food Vessel(S), Socketed Axehead (Bronze)","335450","627750","SCOTTISH BORDERS, THE","SELKIRKSHIRE","YARROW","NT 3545 2775","http://canmore.org.uk/site/53054",
"53061","NT32NE 2","The Glebe Stone, Whitefield","Cairn(S) (Period Unassigned), Cup Marked Stone (Prehistoric)(Possible), Standing Stone (Prehistoric), Spearhead (Iron)","335260","627600","SCOTTISH BORDERS, THE","SELKIRKSHIRE","YARROW","NT 3526 2760","http://canmore.org.uk/site/53061",
"62752","NX34SE 10","'the Wren's Egg'","Standing Stone(S) (Prehistoric)","236100","541990","DUMFRIES AND GALLOWAY","WIGTOWNSHIRE","GLASSERTON","NX 3610 4199","http://canmore.org.uk/site/62752",
"63326","NX45NE 4","Standing Stone Of Bagbie","Standing Stone (Prehistoric)","249770","556200","DUMFRIES AND GALLOWAY","KIRKCUDBRIGHTSHIRE","KIRKMABRECK","NX 4977 5620","http://canmore.org.uk/site/63326",
"64159","NX65SW 5","Standingstone Farm","Standing Stone (Prehistoric)","263000","552000","DUMFRIES AND GALLOWAY","KIRKCUDBRIGHTSHIRE","BORGUE","NX 63 52","http://canmore.org.uk/site/64159",
"64962","NX86NW 5","Redcastle, Haugh Of Urr","Standing Stone (Prehistoric), Stone(S) (Period Unassigned)","282430","565290","DUMFRIES AND GALLOWAY","KIRKCUDBRIGHTSHIRE","URR","NX 8243 6529","http://canmore.org.uk/site/64962",
"178917","HU44NW 21","Wadbister Ness","Standing Stone(S) (Prehistoric)(Possible)","444700","1149900","SHETLAND ISLANDS","SHETLAND","TINGWALL","HU 447 499","http://canmore.org.uk/site/178917",
"293690","NO04SW 232","Dundonnachie","Settlement (Period Unassigned), Standing Stone(S) (Prehistoric)(Possible)","300700","741100","PERTH AND KINROSS","KINROSS-SHIRE","KINROSS","NO 007 411","http://canmore.org.uk/site/293690",
"334736","NB35SE 74","Barabhas Standing Stones","Standing Stone (Neolithic), Stone Circle (Neolithic)(Possible)","136915","952475","WESTERN ISLES","ROSS AND CROMARTY","BARVAS","NB 36915 52475","http://canmore.org.uk/site/334736",
"336580","NG29SW 5","Standing Stones, Outend, Scalpay","Standing Stone (Prehistoric)","122774","894892","WESTERN ISLES","INVERNESS-SHIRE","HARRIS","NG 22774 94892","http://canmore.org.uk/site/336580",
"354507","NS57NE 123","Craigmaddie Muir","Standing Stone(S) (Possible)","258700","676396","EAST DUNBARTONSHIRE","STIRLINGSHIRE","BALDERNOCK (BEARSDEN AND MILNGAVIE)","NS 58700 76396","http://canmore.org.uk/site/354507",
"65","HP50SE 7","Unst, Loch Of Belmont","Cist(S) (Period Unassigned)","456000","1200700","SHETLAND ISLANDS","SHETLAND","UNST","HP 560 007","http://canmore.org.uk/site/65",
"1257","HU49SE 5","Yell, Brocken Burn","Burnt Mound(S) (Prehistoric)","448000","1193000","SHETLAND ISLANDS","SHETLAND","YELL","HU 48 93","http://canmore.org.uk/site/1257",
"1308","HU56NE 4","Whalsay, 'standing Stones Of Yoxie'","House (Period Unassigned)","458720","1165210","SHETLAND ISLANDS","SHETLAND","NESTING","HU 5872 6521","http://canmore.org.uk/site/1308",
"1696","HY21SE 1","Ring Of Brodgar","Henge (Neol/bronze Age), Rune Inscribed Stone (Norse), Stone Circle (Neol/bronze Age)","329450","1013350","ORKNEY ISLANDS","ORKNEY","STENNESS","HY 2945 1335","http://canmore.org.uk/site/1696",
"2105","HY31SW 2","Stones Of Stenness","Henge (Neol/bronze Age), Stone Circle (Neol/bronze Age)","330670","1012520","ORKNEY ISLANDS","ORKNEY","STENNESS","HY 3067 1252","http://canmore.org.uk/site/2105",
"2110","HY31SW 24","Standing Stones Hotel","Mound (Period Unassigned)","330250","1011650","ORKNEY ISLANDS","ORKNEY","STENNESS","HY 3025 1165","http://canmore.org.uk/site/2110",
"3993","NB00SW 4","Taransay, Clach An Teampuill","Chapel (Period Unassigned), Cross Incised Stone (Early Medieval)","101280","900770","WESTERN ISLES","INVERNESS-SHIRE","HARRIS","NB 0128 0077","http://canmore.org.uk/site/3993",
"4135","NB21NE 1","Lewis, Loch Seaforth","Blackhouse (Post Medieval), Flint Scatter (Prehistoric), Stone Circle (Neol/bronze Age), Scraper (Tool)(S), Unidentified Pottery(S)","127810","916620","WESTERN ISLES","ROSS AND CROMARTY","LOCHS","NB 2781 1662","http://canmore.org.uk/site/4135",
"4144","NB22NW 2","Lewis, Airigh Nam Bidearan","Stone(S) (Period Unassigned)","123300","929700","WESTERN ISLES","ROSS AND CROMARTY","UIG","NB 233 297","http://canmore.org.uk/site/4144",
"4275","NB35SE 2","Lewis, Shader, Steinacleit","Building (Period Unassigned), Chambered Cairn (Neolithic)(Possible), Enclosure (Period Unassigned)","139630","954080","WESTERN ISLES","ROSS AND CROMARTY","BARVAS","NB 39630 54080","http://canmore.org.uk/site/4275",
"4278","NB35SE 3","Lewis, Clach Stei Lin","Enclosure (Period Unassigned), Stone Circle (Neol/bronze Age)","139694","954546","WESTERN ISLES","ROSS AND CROMARTY","BARVAS","NB 39694 54546","http://canmore.org.uk/site/4278",
"4393","NB53SW 2","Lewis, Garrabost, Cnoc Nan Dursainean","Chambered Cairn (Neolithic)","152380","933070","WESTERN ISLES","ROSS AND CROMARTY","STORNOWAY","NB 5238 3307","http://canmore.org.uk/site/4393",
"7852","ND06NW 3","Upper Dounreay","Stone Row (Neol/bronze Age)","300700","966000","HIGHLAND","CAITHNESS","REAY","ND 007 660","http://canmore.org.uk/site/7852",
"10069","NF77NW 3","North Uist, Griminish, Dun Olavat, Eilean Domhnuill","Causeway (Neolithic), Midden(S) (Neolithic), Settlement (Neolithic), Axe (Stone)(Neolithic), Bead (Stone)(Neolithic), Carved Stone Ball(S) (Neolithic), Lithic Implement(S) (Flint)(Neolithic), Lithic Implement(S) (Quartz)(Neolithic), Saddle Quern(S) (Neolithic), Unidentified Pottery (Neolithic)","74696","875332","WESTERN ISLES","INVERNESS-SHIRE","NORTH UIST","NF 74696 75332","http://canmore.org.uk/site/10069",
"10299","NF87NE 14","North Uist, Clachan Sands, Clach An T-sagairt","Cross Incised Stone (Early Medieval), Sanctuary Marker (Early Medieval)","87850","876050","WESTERN ISLES","INVERNESS-SHIRE","NORTH UIST","NF 8785 7605","http://canmore.org.uk/site/10299",
"10556","NG14NE 1","Skye, Glasvin, Glen Dale, St Comgan's Chapel","Burial Ground (Period Unassigned), Chapel (Period Unassigned)(Possible), Font (Period Unassigned), Grave Slab (Period Unassigned)","117710","849760","HIGHLAND","INVERNESS-SHIRE","DUIRINISH","NG 1771 4976","http://canmore.org.uk/site/10556",
"10798","NG24NE 10","Skye, Dunvegan, St Mary's Church; Dunvegan St Mary's Old Church, Kilmuir","Church (17th Century)","125499","847831","HIGHLAND","INVERNESS-SHIRE","DUIRINISH","NG 25499 47831","http://canmore.org.uk/site/10798",
"11276","NG44NW 1","Skye, Tote, 'clach Ard'","Pictish Symbol Stone (Pictish)","142100","849080","HIGHLAND","INVERNESS-SHIRE","SNIZORT","NG 4210 4908","http://canmore.org.uk/site/11276",
"12820","NH55NW 7","Dingwall Churchyard","Pictish Symbol Stone (Pictish)","254930","858930","HIGHLAND","ROSS AND CROMARTY","DINGWALL","NH 5493 5893","http://canmore.org.uk/site/12820",
"14642","NH78NW 1","Carriblair","Cist (Period Unassigned), Stone Circle (Prehistoric), Stone Circle (Prehistoric)(Possible), Food Vessel","270900","885110","HIGHLAND","ROSS AND CROMARTY","EDDERTON","NH 7090 8511","http://canmore.org.uk/site/14642",
"14739","NH78SW 2","Glebe At Edderton","Barrow (Prehistoric), Cist(S) (Period Unassigned)","271330","884500","HIGHLAND","ROSS AND CROMARTY","EDDERTON","NH 7133 8450","http://canmore.org.uk/site/14739",
"16581","NJ26SE 7","Innesmill","Stone Circle (Neol/bronze Age)","328950","864070","MORAY","MORAYSHIRE","URQUHART","NJ 2895 6407","http://canmore.org.uk/site/16581",
"16999","NJ40NW 3","Migvie","Cup Marked Stone (Prehistoric)","343743","806764","ABERDEENSHIRE","ABERDEENSHIRE","LOGIE-COLDSTONE","NJ 43743 06764","http://canmore.org.uk/site/16999",
"17286","NJ43SE 2","Mytice","Cup Marked Stone (Prehistoric)","347500","830900","ABERDEENSHIRE","ABERDEENSHIRE","RHYNIE","NJ 475 309","http://canmore.org.uk/site/17286",
"17330","NJ44SW 2","Hilton","Cup Marked Stone(S) (Prehistoric)","342000","841000","ABERDEENSHIRE","ABERDEENSHIRE","GLASS","NJ 42 41","http://canmore.org.uk/site/17330",
"17475","NJ50NW 1","Culsh","Cup Marked Stone (Prehistoric)(Possible), Souterrain (Prehistoric)","350482","805486","ABERDEENSHIRE","ABERDEENSHIRE","TARLAND","NJ 50482 05486","http://canmore.org.uk/site/17475",
"17530","NJ51NE 2","Old Keig","Recumbent Stone Circle (Neol/bronze Age)","359650","819390","ABERDEENSHIRE","ABERDEENSHIRE","KEIG","NJ 5965 1939","http://canmore.org.uk/site/17530",
"17579","NJ51SE 1","Drumfours","Cup Marked Stone (Prehistoric), Stone Circle (Neol/bronze Age)(Possible)","356080","811040","ABERDEENSHIRE","ABERDEENSHIRE","LEOCHEL-CUSHNIE","NJ 5608 1104","http://canmore.org.uk/site/17579",
"17641","NJ52NE 4","Ardlair","Cup Marked Stone(S) (Prehistoric), Recumbent Stone Circle (Neol/bronze Age)","355270","827940","ABERDEENSHIRE","ABERDEENSHIRE","KENNETHMONT","NJ 5527 2794","http://canmore.org.uk/site/17641",
"17642","NJ52NE 5","Tofthills","Cross Incised Stone (Early Medieval), Cup Marked Stone (Prehistoric)","355130","826570","ABERDEENSHIRE","ABERDEENSHIRE","CLATT","NJ 5513 2657","http://canmore.org.uk/site/17642",
"17644","NJ52NE 7","Johnston, The Ringing Stone","Cairn (Period Unassigned)(Possible), Cup Marked Stone (Prehistoric)","357900","825170","ABERDEENSHIRE","ABERDEENSHIRE","LESLIE (GORDON)","NJ 5790 2517","http://canmore.org.uk/site/17644",
"17656","NJ52NW 19","Hillhead Of Clatt, Salmon Stone","Pictish Symbol Stone (Pictish)","353990","829980","ABERDEENSHIRE","ABERDEENSHIRE","KENNETHMONT","NJ 5399 2998","http://canmore.org.uk/site/17656",
"17657","NJ52NW 2","Corrstone Wood, Muir Of Rhynie","Recumbent Stone Circle (Neol/bronze Age)","351010","827110","ABERDEENSHIRE","ABERDEENSHIRE","AUCHINDOIR AND KEARN","NJ 5101 2711","http://canmore.org.uk/site/17657",
"17827","NJ54NW 12","The Ringing Stone","Recumbent Stone Circle (Neol/bronze Age)","353160","845640","ABERDEENSHIRE","ABERDEENSHIRE","CAIRNIE","NJ 5316 4564","http://canmore.org.uk/site/17827",
"17834","NJ54NW 19","Avochie","Cup Marked Stone (Prehistoric)","353000","846000","ABERDEENSHIRE","ABERDEENSHIRE","CAIRNIE","NJ 53 46","http://canmore.org.uk/site/17834",
"17897","NJ55SE 1","Thorax","Cup Marked Stone (Prehistoric), Stone Circle (Neol/bronze Age)","358220","854950","ABERDEENSHIRE","BANFFSHIRE","MARNOCH","NJ 5822 5495","http://canmore.org.uk/site/17897",
"17906","NJ55SE 18","Barnhill, 'roman Camp'","Enclosure (Period Unassigned)(Possible)","356000","850000","MORAY","BANFFSHIRE","ROTHIEMAY","NJ 56 50","http://canmore.org.uk/site/17906",
"17907","NJ55SE 19","Barnhill","Cup Marked Stone (Prehistoric)","356330","850840","MORAY","BANFFSHIRE","ROTHIEMAY","NJ 5633 5084","http://canmore.org.uk/site/17907",
"17970","NJ56SE 1","Fordyce, Old Parish Church Of St Talorgan And Walled Burial Ground","Burial Ground (Period Unassigned), Church (Period Unassigned)","355574","863858","ABERDEENSHIRE","BANFFSHIRE","FORDYCE","NJ 55574 63858","http://canmore.org.uk/site/17970",
"17972","NJ56SE 3","Fordyce Churchyard","Cup Marked Stone (Bronze Age)","355500","863800","ABERDEENSHIRE","BANFFSHIRE","FORDYCE","NJ 555 638","http://canmore.org.uk/site/17972",
"18006","NJ60NW 1","Old Kirk Of Tough","Recumbent Stone Circle (Neol/bronze Age)","362500","809280","ABERDEENSHIRE","ABERDEENSHIRE","CLUNY","NJ 6250 0928","http://canmore.org.uk/site/18006",
"18022","NJ60SW 3","Sundayswells","Cist (Period Unassigned)","361750","803930","ABERDEENSHIRE","ABERDEENSHIRE","KINCARDINE O'NEIL","NJ 6175 0393","http://canmore.org.uk/site/18022",
"18024","NJ60SW 5","Balnacraig","Recumbent Stone Circle (Neol/bronze Age)","360330","803530","ABERDEENSHIRE","ABERDEENSHIRE","LUMPHANAN","NJ 6033 0353","http://canmore.org.uk/site/18024",
"18081","NJ62NE 1","Old Rayne","Cup Marked Stone (Prehistoric), Recumbent Stone Circle (Neol/bronze Age)","367980","827980","ABERDEENSHIRE","ABERDEENSHIRE","RAYNE","NJ 6798 2798","http://canmore.org.uk/site/18081",
"18206","NJ62SW 24","Druidstone","Cinerary Urn","361000","822000","ABERDEENSHIRE","ABERDEENSHIRE","PREMNAY","NJ 61 22","http://canmore.org.uk/site/18206",
"18207","NJ62SW 25","Druidstone","Axehead (Iron)","361000","822000","ABERDEENSHIRE","ABERDEENSHIRE","PREMNAY","NJ 61 22","http://canmore.org.uk/site/18207",
"18208","NJ62SW 26","Druidstone","Perforated Object (Stone)","361000","822000","ABERDEENSHIRE","ABERDEENSHIRE","PREMNAY","NJ 61 22","http://canmore.org.uk/site/18208",
"18213","NJ62SW 4","Druidstone","Recumbent Stone Circle (Neol/bronze Age)","361530","822190","ABERDEENSHIRE","ABERDEENSHIRE","PREMNAY","NJ 6153 2219","http://canmore.org.uk/site/18213",
"18352","NJ64SE 1","Hare Stanes","Stone Circle (Neol/bronze Age)","366450","843830","ABERDEENSHIRE","BANFFSHIRE","INVERKEITHNY","NJ 6645 4383","http://canmore.org.uk/site/18352",
"18357","NJ64SE 6","Mains Of Hatton","Recumbent Stone Circle (Neol/bronze Age)","369930","842540","ABERDEENSHIRE","ABERDEENSHIRE","AUCHTERLESS","NJ 6993 4254","http://canmore.org.uk/site/18357",
"18359","NJ64SE 8","Pitglassie","Recumbent Stone Circle (Neol/bronze Age)","368620","843480","ABERDEENSHIRE","ABERDEENSHIRE","AUCHTERLESS","NJ 6862 4348","http://canmore.org.uk/site/18359",
"18421","NJ65SE 9","Mountblairy","Cinerary Urn","369000","854000","ABERDEENSHIRE","BANFFSHIRE","ALVAH","NJ 69 54","http://canmore.org.uk/site/18421",
"18495","NJ66SW 1","St Brandan's Stanes","Cup Marked Stone (Prehistoric), Recumbent Stone Circle (Neol/bronze Age), Cinerary Urn","360750","861050","ABERDEENSHIRE","BANFFSHIRE","BOYNDIE","NJ 6075 6105","http://canmore.org.uk/site/18495",
"18515","NJ70NE 3","Skene","Cup Marked Stone (Prehistoric), Stone Circle (Neol/bronze Age)","","","ABERDEENSHIRE","ABERDEENSHIRE","SKENE","NJ  ","http://canmore.org.uk/site/18515",
"18537","NJ70NW 3","Nether Corskie","Pictish Symbol Stone (Pictish), Stone Circle (Neol/bronze Age)(Possible)","374825","809598","ABERDEENSHIRE","ABERDEENSHIRE","CLUNY","NJ 74825 09598","http://canmore.org.uk/site/18537",
"18543","NJ70NW 55","Sunhoney","Cup Marked Stone (Prehistoric), Recumbent Stone Circle (Neol/bronze Age)","371592","805701","ABERDEENSHIRE","ABERDEENSHIRE","MIDMAR","NJ 71592 05701","http://canmore.org.uk/site/18543",
"18621","NJ71NE 6","Broomend Of Crichie","Cist(S) (Period Unassigned), Henge (Neol/bronze Age), Stone Circle (Neol/bronze Age), Timber Circle (Bronze Age), Battleaxe, Cinerary Urn(S)","377920","819670","ABERDEENSHIRE","ABERDEENSHIRE","KINTORE","NJ 7792 1967","http://canmore.org.uk/site/18621",
"18681","NJ71NW 4","'the Chapel O' Sink'","Cairn (Period Unassigned)","370600","818950","ABERDEENSHIRE","ABERDEENSHIRE","CHAPEL OF GARIOCH","NJ 7060 1895","http://canmore.org.uk/site/18681",
"18690","NJ71SE 12","East Leylodge, 'standing Stones'","Rubbing Stone(S) (Post Medieval)","377260","813380","ABERDEENSHIRE","ABERDEENSHIRE","KINTORE","NJ 7726 1338","http://canmore.org.uk/site/18690",
"18710","NJ71SE 8","Leylodge School, 'standing Stones'","Rubbing Stone(S) (Post Medieval)","376330","812900","ABERDEENSHIRE","ABERDEENSHIRE","KINTORE","NJ 7633 1290","http://canmore.org.uk/site/18710",
"18719","NJ71SW 3","Castle Fraser","Recumbent Stone Circle (Neol/bronze Age)","371500","812530","ABERDEENSHIRE","ABERDEENSHIRE","CLUNY","NJ 7150 1253","http://canmore.org.uk/site/18719",
"18811","NJ72NW 30","New Craig","Recumbent Stone Circle (Neol/bronze Age)","374550","829660","ABERDEENSHIRE","ABERDEENSHIRE","DAVIOT","NJ 7455 2966","http://canmore.org.uk/site/18811",
"18860","NJ72SE 1","Balhalgardy","Cup Marked Stone (Prehistoric), Stone Circle (Neol/bronze Age)","375980","824310","ABERDEENSHIRE","ABERDEENSHIRE","CHAPEL OF GARIOCH","NJ 7598 2431","http://canmore.org.uk/site/18860",
"18989","NJ72SW 2","Balquhain","Cup Marked Stone (Prehistoric), Recumbent Stone Circle (Neol/bronze Age)","373500","824080","ABERDEENSHIRE","ABERDEENSHIRE","CHAPEL OF GARIOCH","NJ 7350 2408","http://canmore.org.uk/site/18989",
"19227","NJ75NE 1","The Gray Stone Of Clochforbie","Recumbent Stone Circle (Neol/bronze Age)","379680","858630","ABERDEENSHIRE","ABERDEENSHIRE","KING EDWARD","NJ 7968 5863","http://canmore.org.uk/site/19227",
"19513","NJ81SE 11","Tyrebagger","Recumbent Stone Circle (Neol/bronze Age)","385950","813217","ABERDEEN, CITY OF","ABERDEENSHIRE","DYCE","NJ 85950 13217","http://canmore.org.uk/site/19513",
"19674","NJ82NW 45","The Bell Rock","Natural Feature (Period Unknown)","380400","825150","ABERDEENSHIRE","ABERDEENSHIRE","BOURTIE","NJ 8040 2515","http://canmore.org.uk/site/19674",
"19721","NJ82SW 31","The Piper's Stone","Natural Feature (Period Unknown)","380554","824947","ABERDEENSHIRE","ABERDEENSHIRE","BOURTIE","NJ 80554 24947","http://canmore.org.uk/site/19721",
"19860","NJ84NE 12","Culsh","Pit(S) (Period Unassigned), Stone Circle (Neol/bronze Age)(Possible), Arrowhead(S) (Flint), Axehead(S) (Stone), Worked Object(S) (Flint)","388100","848000","ABERDEENSHIRE","ABERDEENSHIRE","NEW DEER","NJ 881 480","http://canmore.org.uk/site/19860",
"20294","NJ91NE 7","Potterton","Recumbent Stone Circle (Neol/bronze Age)","395290","816360","ABERDEENSHIRE","ABERDEENSHIRE","BELHELVIE","NJ 9529 1636","http://canmore.org.uk/site/20294",
"20828","NJ96SW 19","Auchlin","Cist (Period Unassigned)","391000","863000","ABERDEENSHIRE","ABERDEENSHIRE","ABERDOUR (BANFF AND BUCHAN)","NJ 91 63","http://canmore.org.uk/site/20828",
"20830","NJ96SW 21","Auchlin","Arrowhead(S), Axehead (Stone)","391000","863000","ABERDEENSHIRE","ABERDEENSHIRE","ABERDOUR (BANFF AND BUCHAN)","NJ 91 63","http://canmore.org.uk/site/20830",
"21100","NK05NW 3","Netherton Of Logie","Recumbent Stone Circle (Neol/bronze Age)","404340","857220","ABERDEENSHIRE","ABERDEENSHIRE","CRIMOND","NK 0434 5722","http://canmore.org.uk/site/21100",
"22232","NM52SW 4","Carsaig Bay, Mull","Cave (Period Unassigned)(Possible), Midden (Period Unassigned), Occupation Site (Period Unassigned)","153000","721000","ARGYLL AND BUTE","ARGYLL","KILFINICHEN AND KILVICKEON","NM 53 21","http://canmore.org.uk/site/22232",
"24134","NN52SW 10","Balquhidder, Old Parish Church","Church (Period Unassigned)","253572","720919","STIRLING","PERTHSHIRE","BALQUHIDDER","NN 53572 20919","http://canmore.org.uk/site/24134",
"25427","NN82NE 9","Connachan Lodge","Cup Marked Stone (Prehistoric)","289980","726990","PERTH AND KINROSS","PERTHSHIRE","FOWLIS WESTER","NN 8998 2699","http://canmore.org.uk/site/25427",
"25447","NN82SE 26","Monzie","Cup And Ring Marked Stone (Prehistoric), Cup Marked Stone (Prehistoric), Kerb Cairn (Prehistoric), Unidentified Pottery (Neolithic)","288160","724170","PERTH AND KINROSS","PERTHSHIRE","CRIEFF","NN 8816 2417","http://canmore.org.uk/site/25447",
"25461","NN82SE 4","Ferntower","Cup Marked Stone (Prehistoric)(Possible), Four Poster Stone Circle (Bronze Age)","287400","722620","PERTH AND KINROSS","PERTHSHIRE","CRIEFF","NN 8740 2262","http://canmore.org.uk/site/25461",
"25554","NN83SE 1","Ossian's Stone, Sma' Glen","Cist (Period Unassigned), Stone (Period Unassigned), Wall (Period Unassigned)","289530","730600","PERTH AND KINROSS","PERTHSHIRE","FOWLIS WESTER","NN 8953 3060","http://canmore.org.uk/site/25554",
"25651","NN84NW 4","Carse Farm","Four Poster Stone Circle (Bronze Age), Cinerary Urn","280220","748730","PERTH AND KINROSS","PERTHSHIRE","DULL","NN 8022 4873","http://canmore.org.uk/site/25651",
"25662","NN84NW 5","Balhomais","Barrow (Prehistoric), Stone Circle (Neol/bronze Age)","282380","749260","PERTH AND KINROSS","PERTHSHIRE","DULL","NN 8238 4926","http://canmore.org.uk/site/25662",
"25727","NN85SE 9","Lundin","Cairn (Period Unassigned), Cup Marked Stone (Prehistoric), Four Poster Stone Circle (Bronze Age), Beaker(S)","288060","750560","PERTH AND KINROSS","PERTHSHIRE","LOGIERAIT","NN 8806 5056","http://canmore.org.uk/site/25727",
"26864","NO02SE 16","Letham","Cist (Period Unassigned), Human Remains (Period Unassigned), Dagger (Bronze)","308420","723840","PERTH AND KINROSS","PERTHSHIRE","TIBBERMORE","NO 0842 2384","http://canmore.org.uk/site/26864",
"26867","NO02SE 19","Letham","Cist(S) (Period Unassigned)(Possible), Long Cairn (Neolithic)(Possible)","308300","724100","PERTH AND KINROSS","PERTHSHIRE","TIBBERMORE","NO 083 241","http://canmore.org.uk/site/26867",
"27771","NO10NE 17","Easter Nether Urquhart","Cairn (Period Unassigned)","319580","709060","FIFE","FIFE","STRATHMIGLO","NO 1958 0906","http://canmore.org.uk/site/27771",
"28157","NO12NW 28","Sandy Road, Scone","Stone Circle (Neol/bronze Age)","313270","726460","PERTH AND KINROSS","PERTHSHIRE","SCONE","NO 1327 2646","http://canmore.org.uk/site/28157",
"28210","NO12SE 23","Commonbank","Cup Marked Stone (Prehistoric), Stone Setting(S) (Neol/bronze Age)","317500","724840","PERTH AND KINROSS","PERTHSHIRE","KILSPINDIE","NO 1750 2484","http://canmore.org.uk/site/28210",
"28639","NO13SW 15","Blackfaulds","Stone Circle (Neol/bronze Age)","314130","731670","PERTH AND KINROSS","PERTHSHIRE","ST MARTINS","NO 1413 3167","http://canmore.org.uk/site/28639",
"28645","NO13SW 20","Druids' Seat Wood","Stone Circle (Neol/bronze Age)","312480","731320","PERTH AND KINROSS","PERTHSHIRE","ST MARTINS","NO 1248 3132","http://canmore.org.uk/site/28645",
"28684","NO13SW 55","Craigmakerran","Stone Circle (Neol/bronze Age)(Possible)","314000","732200","PERTH AND KINROSS","PERTHSHIRE","ST MARTINS","NO 140 322","http://canmore.org.uk/site/28684",
"29211","NO15SW 1","Cally House","Gate Pier(S) (Period Unassigned)","311970","751920","PERTH AND KINROSS","PERTHSHIRE","KIRKMICHAEL (PERTH AND KINROSS)","NO 1197 5192","http://canmore.org.uk/site/29211",
"30679","NO23SW 3","Bandirran","Stone Circle (Neol/bronze Age)","320910","730990","PERTH AND KINROSS","PERTHSHIRE","COLLACE","NO 2091 3099","http://canmore.org.uk/site/30679",
"36692","NO79NW 7","Balbridie","Cist(S) (Period Unassigned)","373000","795000","ABERDEENSHIRE","KINCARDINESHIRE","DURRIS","NO 73 95","http://canmore.org.uk/site/36692",
"36742","NO79SW 45","'the Suitor's Mither', Upperton","Non Antiquity","373890","792130","ABERDEENSHIRE","KINCARDINESHIRE","DURRIS","NO 7389 9213","http://canmore.org.uk/site/36742",
"36745","NO79SW 5","Standing Stones, Durris","Stone Circle (Neol/bronze Age)(Possible)","374190","793360","ABERDEENSHIRE","KINCARDINESHIRE","DURRIS","NO 7419 9336","http://canmore.org.uk/site/36745",
"37186","NO99NW 1","Aquhorthies","Recumbent Stone Circle (Neol/bronze Age)","390180","796340","ABERDEENSHIRE","KINCARDINESHIRE","BANCHORY-DEVENICK","NO 9018 9634","http://canmore.org.uk/site/37186",
"37197","NO99NW 2","Old Bourtreebush","Cairn (Period Unassigned), Cup Marked Stone (Prehistoric), Stone Circle (Neol/bronze Age)","390350","796080","ABERDEENSHIRE","KINCARDINESHIRE","BANCHORY-DEVENICK","NO 9035 9608","http://canmore.org.uk/site/37197",
"37208","NO99NW 3","Craighead","Stone Circle (Neol/bronze Age)","391170","797720","ABERDEENSHIRE","KINCARDINESHIRE","BANCHORY-DEVENICK","NO 9117 9772","http://canmore.org.uk/site/37208",
"37212","NO99NW 4","Cairnwell","Ring Cairn (Neol/bronze Age)","390710","797330","ABERDEENSHIRE","KINCARDINESHIRE","BANCHORY-DEVENICK","NO 9071 9733","http://canmore.org.uk/site/37212",
"38052","NR45SE 12","Islay, Trudernish","Clearance Cairn(S) (Period Unassigned)","146500","652500","ARGYLL AND BUTE","ARGYLL","KILDALTON AND OA","NR 465 525","http://canmore.org.uk/site/38052",
"38222","NR56NW 10","Jura, Keils, Cill Earnadil","Burial Ground (Period Unassigned), Church (Period Unassigned), Grave Slab(S) (Period Unassigned)","152410","668750","ARGYLL AND BUTE","ARGYLL","JURA","NR 5241 6875","http://canmore.org.uk/site/38222",
"38240","NR56NW 6","Jura, Loch A' Mhuilinn","Island (Period Unassigned)","151860","666870","ARGYLL AND BUTE","ARGYLL","JURA","NR 5186 6687","http://canmore.org.uk/site/38240",
"38242","NR56NW 8","Jura, Crackaig Hill","Marker Cairn (Period Unassigned)","152200","665700","ARGYLL AND BUTE","ARGYLL","JURA","NR 522 657","http://canmore.org.uk/site/38242",
"38250","NR56SW 7","Jura, Creag An Dunain","Fort (Period Unassigned)","151120","664750","ARGYLL AND BUTE","ARGYLL","JURA","NR 5112 6475","http://canmore.org.uk/site/38250",
"38263","NR57SE 10","Jura, Ardfearnal","Fort (Period Unassigned)(Possible)","155000","671000","ARGYLL AND BUTE","ARGYLL","JURA","NR 55 71","http://canmore.org.uk/site/38263",
"38316","NR61NE 11","Cnocan A' Chluig, Kilkivan","Cairn (Period Unassigned), Round Barrow (Prehistoric)","165220","619870","ARGYLL AND BUTE","ARGYLL","CAMPBELTOWN","NR 6522 1987","http://canmore.org.uk/site/38316",
"38659","NR68SW 40","Jura, Tarbert, Cill Chalium-chille","Burial Ground (Period Unassigned), Chapel (Period Unassigned)","160900","682200","ARGYLL AND BUTE","ARGYLL","JURA","NR 6090 8220","http://canmore.org.uk/site/38659",
"38665","NR69NW 1","Jura, Glengarrisdale, An Aros","Castle (Medieval)(Possible)","164400","696920","ARGYLL AND BUTE","ARGYLL","JURA","NR 6440 9692","http://canmore.org.uk/site/38665",
"38666","NR69NW 2","Jura, Maclean's Skull","Battle Site (Period Unassigned), Human Remains (Period Unassigned)","164430","697070","ARGYLL AND BUTE","ARGYLL","JURA","NR 6443 9707","http://canmore.org.uk/site/38666",
"38693","NR70NW 5","Macharioch","Chambered Cairn (Neolithic)","173640","609270","ARGYLL AND BUTE","ARGYLL","SOUTHEND","NR 7364 0927","http://canmore.org.uk/site/38693",
"38743","NR72NE 15","Bruce's Stone, Ugadale","Millstone Quarry (Post Medieval)","178250","628810","ARGYLL AND BUTE","ARGYLL","CAMPBELTOWN","NR 7825 2881","http://canmore.org.uk/site/38743",
"39102","NR78NW 7","Upper Fernoch","Natural Feature (Period Unknown)","172690","685940","ARGYLL AND BUTE","ARGYLL","NORTH KNAPDALE","NR 7269 8594","http://canmore.org.uk/site/39102",
"39194","NR79SE 7","Kilmory Oib","Cross Slab (Early Medieval), Well (Period Unknown)","178085","690243","ARGYLL AND BUTE","ARGYLL","NORTH KNAPDALE","NR 78085 90243","http://canmore.org.uk/site/39194",
"39458","NR89NW 18","Ballymeanoch","Cist (Period Unassigned), Henge (Neol/bronze Age), Beaker","183317","696277","ARGYLL AND BUTE","ARGYLL","KILMICHAEL GLASSARY","NR 83317 96277","http://canmore.org.uk/site/39458",
"39504","NR89NW 6","Temple Wood","Stone Circle(S) (Neol/bronze Age)","182630","697820","ARGYLL AND BUTE","ARGYLL","KILMARTIN","NR 8263 9782","http://canmore.org.uk/site/39504",
"39541","NR89SE 1","Kilmichael Glassary","Cup And Ring Marked Rock (Prehistoric)","185790","693490","ARGYLL AND BUTE","ARGYLL","KILMICHAEL GLASSARY","NR 8579 9349","http://canmore.org.uk/site/39541",
"39575","NR89SW 2","Cairnbaan 2","Cup And Ring Marked Rock (Prehistoric)","183870","691060","ARGYLL AND BUTE","ARGYLL","KILMICHAEL GLASSARY","NR 8387 9106","http://canmore.org.uk/site/39575",
"43466","NS48SW 5","Hill Of Standing Stones, Merkin Muir","Marker Cairn (Period Unassigned)","243600","680460","WEST DUNBARTONSHIRE","DUNBARTONSHIRE","DUMBARTON","NS 4360 8046","http://canmore.org.uk/site/43466",
"44291","NS56SE 31","Glasgow, Langside House","Cup And Ring Marked Stone (Prehistoric)","257210","661310","GLASGOW, CITY OF","LANARKSHIRE","CATHCART (CITY OF GLASGOW)","NS 5721 6131","http://canmore.org.uk/site/44291",
"44420","NS57NE 22","North Blochairn","Cup And Ring Marked Rock (Prehistoric)","258070","676240","EAST DUNBARTONSHIRE","STIRLINGSHIRE","BALDERNOCK (STRATHKELVIN)","NS 5807 7624","http://canmore.org.uk/site/44420",
"44622","NS59NE 6","Malling","Cup And Ring Marked Stone (Prehistoric)","256410","699540","STIRLING","PERTHSHIRE","PORT OF MENTEITH","NS 5641 9954","http://canmore.org.uk/site/44622",
"46482","NS83NW 19","Auchlochan","Ring (Jet)","280000","637000","SOUTH LANARKSHIRE","LANARKSHIRE","LESMAHAGOW","NS 80 37","http://canmore.org.uk/site/46482",
"47206","NS89SE 45","Alloa, General","Burgh (Medieval), General View, Town (Period Unassigned)","288526","692615","CLACKMANNAN","CLACKMANNANSHIRE","ALLOA","NS 88526 92615","http://canmore.org.uk/site/47206",
"48304","NS99SW 11","Parkmill","Cist (Period Unassigned), Cross Slab (Early Medieval)","290133","692661","CLACKMANNAN","CLACKMANNANSHIRE","ALLOA","NS 90133 92661","http://canmore.org.uk/site/48304",
"48321","NS99SW 6","Clackmannan, King Robert's Stone","Stone (Period Unassigned)","291110","691880","CLACKMANNAN","CLACKMANNANSHIRE","CLACKMANNAN","NS 9111 9188","http://canmore.org.uk/site/48321",
"52620","NT27SW 15","Edinburgh, North Merchiston Cemetery","Cist (Period Unassigned), Food Vessel","323300","672200","EDINBURGH, CITY OF","MIDLOTHIAN","EDINBURGH (EDINBURGH, CITY OF)","NT 233 722","http://canmore.org.uk/site/52620",
"53067","NT32NE 8","Yarrow, Dead Lake","Natural Feature (Period Unknown)","335140","627490","SCOTTISH BORDERS, THE","SELKIRKSHIRE","YARROW","NT 3514 2749","http://canmore.org.uk/site/53067",
"53078","NT32NW 5","Whitefield, 'yarrow Stone'","Gravestone (Early Medieval), Inscribed Stone (Early Medieval)","334807","627440","SCOTTISH BORDERS, THE","SELKIRKSHIRE","YARROW","NT 34807 27440","http://canmore.org.uk/site/53078",
"57965","NT71NE 49","'the Shearers'","Field Boundary (Period Unassigned)","379070","619270","SCOTTISH BORDERS, THE","ROXBURGHSHIRE","HOWNAM","NT 7907 1927","http://canmore.org.uk/site/57965",
"60544","NX05NE 26","Standing Stones Of Balmennoch","Stone Circle (Neol/bronze Age)","206000","557000","DUMFRIES AND GALLOWAY","WIGTOWNSHIRE","INCH","NX 06 57","http://canmore.org.uk/site/60544",
"61765","NX16SW 8","Standing Stones Of Glenterrow","Stone Circle (Neol/bronze Age)","214530","562510","DUMFRIES AND GALLOWAY","WIGTOWNSHIRE","INCH","NX 1453 6251","http://canmore.org.uk/site/61765",
"62763","NX34SE 20","Knock, Glasserton","Rock Carving(S) (Period Unassigned)","236450","540120","DUMFRIES AND GALLOWAY","WIGTOWNSHIRE","GLASSERTON","NX 3645 4012","http://canmore.org.uk/site/62763",
"62843","NX35NE 14","Torhousekie","Stone Circle (Neol/bronze Age)","238255","556493","DUMFRIES AND GALLOWAY","WIGTOWNSHIRE","WIGTOWN","NX 38255 56493","http://canmore.org.uk/site/62843",
"63693","NX55SE 1","Standing Stones Of Newton","Chambered Cairn (Neolithic)","255060","552560","DUMFRIES AND GALLOWAY","KIRKCUDBRIGHTSHIRE","ANWOTH","NX 5506 5256","http://canmore.org.uk/site/63693",
"63720","NX55SW 23","Kirkmuir","Cup And Ring Marked Rock (Prehistoric)","251390","554010","DUMFRIES AND GALLOWAY","KIRKCUDBRIGHTSHIRE","KIRKMABRECK","NX 5139 5401","http://canmore.org.uk/site/63720",
"63721","NX55SW 24","Kirkmuir","Cup And Ring Marked Rock (Prehistoric)","251400","554040","DUMFRIES AND GALLOWAY","KIRKCUDBRIGHTSHIRE","KIRKMABRECK","NX 5140 5404","http://canmore.org.uk/site/63721",
"63882","NX59SE 8","Cumnock Knowes","Cross Incised Stone (Early Medieval), Mound (Period Unassigned)","257680","592510","DUMFRIES AND GALLOWAY","KIRKCUDBRIGHTSHIRE","CARSPHAIRN","NX 5768 9251","http://canmore.org.uk/site/63882",
"64332","NX69SE 4","Auchenshinnoch","Cross Slab (Early Medieval)","265900","590000","DUMFRIES AND GALLOWAY","KIRKCUDBRIGHTSHIRE","DALRY (STEWARTRY)","NX 659 900","http://canmore.org.uk/site/64332",
"64510","NX75NW 32","Mollance","Stone (Period Unassigned)","271700","559200","DUMFRIES AND GALLOWAY","KIRKCUDBRIGHTSHIRE","TONGLAND","NX 7170 5920","http://canmore.org.uk/site/64510",
"64749","NX78NE 15","Woodlea","Commemorative Stone (Period Unassigned)","276600","589400","DUMFRIES AND GALLOWAY","DUMFRIES-SHIRE","GLENCAIRN","NX 766 894","http://canmore.org.uk/site/64749",
"67899","NY48SW 1","Windy Edge","Chambered Cairn (Neolithic)","342950","583910","DUMFRIES AND GALLOWAY","DUMFRIES-SHIRE","CANONBIE","NY 4295 8391","http://canmore.org.uk/site/67899",
"69529","NB23SW 23","Lewis, Callanish","Axehead (Stone), Flake (Quartz), Leaf Arrowhead (Quartz)","121300","933000","WESTERN ISLES","ROSS AND CROMARTY","UIG","NB 213 330","http://canmore.org.uk/site/69529",
"71061","NB53SW 11","Lewis, Shulishader","Handle, Polished Axehead (Stone)","153200","934400","WESTERN ISLES","ROSS AND CROMARTY","STORNOWAY","NB 5320 3440","http://canmore.org.uk/site/71061",
"80018","NJ70SE 17","Standingstones","Farmstead (Period Unassigned), Kiln (Period Unassigned), Rig And Furrow (Medieval)","378700","804030","ABERDEENSHIRE","ABERDEENSHIRE","ECHT","NJ 7870 0403","http://canmore.org.uk/site/80018",
"80511","NR79SE 40","Kilmory Oib","Township (Post Medieval)","178120","690290","ARGYLL AND BUTE","ARGYLL","NORTH KNAPDALE","NR 7812 9029","http://canmore.org.uk/site/80511",
"82805","NR34NE 64","Islay, Druim Thunnsuinn","Stone (Period Unassigned)","139620","645760","ARGYLL AND BUTE","ARGYLL","KILDALTON AND OA","NR 3962 4576","http://canmore.org.uk/site/82805",
"95088","HY31SW 71","Stenness, Seaplane Base","Seaplane Base (First World War)","330200","1011720","ORKNEY ISLANDS","ORKNEY","STENNESS","HY 3020 1172","http://canmore.org.uk/site/95088",
"98102","NR46NW 45","Islay, Lossit Lodge","Stone (Period Unassigned)","140600","665600","ARGYLL AND BUTE","ARGYLL","KILLAROW AND KILMENY","NR 406 656","http://canmore.org.uk/site/98102",
"109413","NR89SW 53","Dunadd","Cursus (Neolithic), Long Barrow (Neolithic)","184531","693380","ARGYLL AND BUTE","ARGYLL","KILMICHAEL GLASSARY","NR 84531 93380","http://canmore.org.uk/site/109413",
"130029","NJ70SE 24","Standingstones","Farmstead (Period Unassigned)","378490","804180","ABERDEENSHIRE","ABERDEENSHIRE","ECHT","NJ 7849 0418","http://canmore.org.uk/site/130029",
"144208","NJ81SE 82","Aberdeen Airport, 'standing Stones'","Stone(S) (Period Unassigned)","387500","812100","ABERDEEN, CITY OF","ABERDEENSHIRE","DYCE","NJ 8750 1210","http://canmore.org.uk/site/144208",
"161037","NJ55SE 48","Marnoch, Old Parish Church And War Memorials","Church (Period Unassigned), Mounting Block (Post Medieval), War Memorial(S) (20th Century)","359706","850222","ABERDEENSHIRE","BANFFSHIRE","MARNOCH","NJ 59706 50222","http://canmore.org.uk/site/161037",
"168931","NJ70SE 95","Standingstones","Rig And Furrow (Medieval)","378310","803830","ABERDEENSHIRE","ABERDEENSHIRE","ECHT","NJ 7831 0383","http://canmore.org.uk/site/168931",
"178913","HU44NW 20","Wadbister Ness","Cairn (Period Unassigned)(Possible)","444700","1149700","SHETLAND ISLANDS","SHETLAND","TINGWALL","HU 447 497","http://canmore.org.uk/site/178913",
"183570","HY31SW 107","Stenness, Standing Stones Hotel","Hotel (20th Century), Military Headquarters (First World War)","330200","1011710","ORKNEY ISLANDS","ORKNEY","STENNESS","HY 3020 1171","http://canmore.org.uk/site/183570",
"318502","NR68SW 41","Jura, Tarbert, Cill Chalium-chille","Cross Incised Stone (Early Medieval)","160900","682200","ARGYLL AND BUTE","ARGYLL","JURA","NR 6090 8220","http://canmore.org.uk/site/318502",
"16410","NJ25NW 10","Birnie Parish Church","Church (12th Century), Font (Period Unassigned), War Memorial (Period Unassigned), Bell","320654","858718","MORAY","MORAYSHIRE","BIRNIE","NJ 20654 58718","http://canmore.org.uk/site/16410",
"32064","NO34NE 17","Hunters Hill, Thornton Standing Stone","Cross Slab (Pictish), Pictish Symbol Stone (Pictish)","339379","746545","ANGUS","ANGUS","GLAMIS","NO 39379 46545","http://canmore.org.uk/site/32064",
"32254","NO35NW 30","Kingoldrum Parish Church","Burial Ground (Period Unassigned), Church (Period Unassigned), Font (Period Unassigned)","333416","755039","ANGUS","ANGUS","KINGOLDRUM","NO 33416 55039","http://canmore.org.uk/site/32254",
"32454","NO39NE 20","Tullich, St Nathalan's Kirk","Chapel (Period Unassigned), Church (Period Unassigned)","339054","797543","ABERDEENSHIRE","ABERDEENSHIRE","GLENMUICK, TULLICH AND GLENGAIRN","NO 39054 97543","http://canmore.org.uk/site/32454",
"40395","NS06SE 30","Bute, Rothesay, Rothesay Castle","Castle (13th Century), War Memorial (20th Century)","208781","664585","ARGYLL AND BUTE","BUTESHIRE","ROTHESAY","NS 08781 64585","http://canmore.org.uk/site/40395",
"4116","NB13SE 6","Lewis, Aird A'chaolais","Standing Stone (Prehistoric)","116500","934000","WESTERN ISLES","ROSS AND CROMARTY","UIG","NB 165 340","http://canmore.org.uk/site/4116",
"46245","NS79SE 60","Stirling Castle","Castle (Medieval), Midden (Period Unassigned), War Memorial(S) (20th Century)","279000","694000","STIRLING","STIRLINGSHIRE","STIRLING","NS 7900 9400","http://canmore.org.uk/site/46245",
"49292","NT07SE 4","Uphall Church And Burial-ground","Burial Ground (Period Unassigned), Church (Period Unassigned), War Memorial (20th Century)","305981","672211","WEST LOTHIAN","WEST LOTHIAN","UPHALL","NT 05981 72211","http://canmore.org.uk/site/49292",
"51787","NT26NW 42","Edinburgh, Camus Avenue, Comiston House, Stables","Stable(S) (19th Century)","323996","668618","EDINBURGH, CITY OF","MIDLOTHIAN","EDINBURGH (EDINBURGH, CITY OF)","NT 23996 68618","http://canmore.org.uk/site/51787",
"52298","NT27SE 277","Edinburgh, High Street, 3 Advocate's Close, Adam Bothwell's House","House (17th Century)","325686","673632","EDINBURGH, CITY OF","MIDLOTHIAN","EDINBURGH (EDINBURGH, CITY OF)","NT 25686 73632","http://canmore.org.uk/site/52298",
"82978","NB23SW 30","Lewis, Breasclete, Ard Na Moine","Standing Stone (Prehistoric)(Possible), Pipe (Smoking) (Clay), Unidentified Flint(S), Unidentified Pottery (19th Century)","121580","934860","WESTERN ISLES","ROSS AND CROMARTY","UIG","NB 2158 3486","http://canmore.org.uk/site/82978",
"231443","NT53SW 210","Melrose Abbey, Brewery Warehouse","Drain (19th Century), Storehouse (19th Century), Warehouse (19th Century)","354936","634224","SCOTTISH BORDERS, THE","ROXBURGHSHIRE","MELROSE","NT 54936 34224","http://canmore.org.uk/site/231443",
"508","HU28SW 3","Hamnavoe, The Giant's Stones","Standing Stone(S) (Prehistoric)","424300","1180550","SHETLAND ISLANDS","SHETLAND","NORTHMAVINE","HU 2430 8055","http://canmore.org.uk/site/508",
"2128","HY31SW 40","Stone Of Odin","Standing Stone (Prehistoric)","330600","1012600","ORKNEY ISLANDS","ORKNEY","STENNESS","HY 306 126","http://canmore.org.uk/site/2128",
"4145","NB22NW 3","Lewis, Loch Crogach","Standing Stone (Prehistoric)(Possible)","124400","929230","WESTERN ISLES","ROSS AND CROMARTY","UIG","NB 2440 2923","http://canmore.org.uk/site/4145",
"4161","NB23SW 14","Lewis, Druim Na H-aon Choich","Standing Stone (Prehistoric)(Possible)","123700","932000","WESTERN ISLES","ROSS AND CROMARTY","UIG","NB 237 320","http://canmore.org.uk/site/4161",
"11739","NG74NW 6","Applecross","Standing Stone (Prehistoric), Stone Circle (Neol/bronze Age)","170000","840000","HIGHLAND","ROSS AND CROMARTY","APPLECROSS","NG 7 4","http://canmore.org.uk/site/11739",
"14653","NH78NW 2","Clach Chairidh, Edderton","Pictish Symbol Stone (Pictish), Standing Stone (Prehistoric)","270833","885074","HIGHLAND","ROSS AND CROMARTY","EDDERTON","NH 70833 85074","http://canmore.org.uk/site/14653",
"16042","NJ14SE 10","Upper Knockando, Knockando Parish Church","Church (Period Unassigned)","318643","842881","MORAY","MORAYSHIRE","KNOCKANDO","NJ 18643 42881","http://canmore.org.uk/site/16042",
"16078","NJ15NE 7","Upper Manbean","Pictish Symbol Stone (Pictish)","318680","857610","MORAY","MORAYSHIRE","ELGIN","NJ 1868 5761","http://canmore.org.uk/site/16078",
"17636","NJ52NE 3","Ardlair","Pictish Symbol Stone (Pictish), Standing Stone (Prehistoric)","355470","827840","ABERDEENSHIRE","ABERDEENSHIRE","KENNETHMONT","NJ 5547 2784","http://canmore.org.uk/site/17636",
"17661","NJ52NW 23","Kirktown Of Clatt, Clatt Parish Church","Burial Ground (Period Unassigned), Church (Period Unassigned), War Memorial (20th Century)","353863","825993","ABERDEENSHIRE","ABERDEENSHIRE","CLATT","NJ 53863 25993","http://canmore.org.uk/site/17661",
"17744","NJ53NW 1","Huntly","Pictish Symbol Stone (Pictish), Stone Circle (Neol/bronze Age)(Possible)","352920","839990","ABERDEENSHIRE","ABERDEENSHIRE","HUNTLY","NJ 5292 3999","http://canmore.org.uk/site/17744",
"21664","NM22SE 50","Iona, Iona Abbey","Abbey (Medieval), Cathedral (Period Unassigned)","128683","724515","ARGYLL AND BUTE","ARGYLL","KILFINICHEN AND KILVICKEON","NM 28683 24515","http://canmore.org.uk/site/21664",
"23579","NN06SW 3","Clach-a-charra","Standing Stone (Prehistoric)","202560","761340","HIGHLAND","INVERNESS-SHIRE","KILMALLIE","NN 0256 6134","http://canmore.org.uk/site/23579",
"24141","NN52SW 16","Puidrac","Standing Stone (Prehistoric)","254060","720790","STIRLING","PERTHSHIRE","BALQUHIDDER","NN 5406 2079","http://canmore.org.uk/site/24141",
"24689","NN70SE 3","Glenhead","Cup Marked Stone (Prehistoric), Standing Stone(S) (Prehistoric)","275480","700450","STIRLING","PERTHSHIRE","KILMADOCK","NN 7548 0045","http://canmore.org.uk/site/24689",
"24700","NN70SE 4","Glenhead","Cup Marked Stone (Prehistoric)(Possible), Standing Stone (Prehistoric)","275520","701000","STIRLING","PERTHSHIRE","KILMADOCK","NN 7552 0100","http://canmore.org.uk/site/24700",
"25053","NN75NE 2","Tombreck","Chapel (Period Unassigned)(Possible), Cross Incised Stone (Early Medieval), Standing Stone (Prehistoric)","277440","756930","PERTH AND KINROSS","PERTHSHIRE","DULL","NN 7744 5693","http://canmore.org.uk/site/25053",
"25927","NN90NW 6","Gleneagles, St Mungo's Chapel And Graveyard","Burial Ground (Period Unassigned), Chapel (Period Unassigned)","293017","708956","PERTH AND KINROSS","PERTHSHIRE","BLACKFORD","NN 93017 08956","http://canmore.org.uk/site/25927",
"26206","NN93NW 2","Little Findowie","Standing Stone (Prehistoric)","294480","738650","PERTH AND KINROSS","PERTHSHIRE","LITTLE DUNKELD","NN 9448 3865","http://canmore.org.uk/site/26206",
"28487","NO13NE 21","Moonshade","Pictish Symbol Stone (Pictish)(Possible), Standing Stone(S) (Prehistoric)","316150","735760","PERTH AND KINROSS","PERTHSHIRE","CARGILL","NO 1615 3576","http://canmore.org.uk/site/28487",
"28707","NO14NE 11","Craighall","Cup Marked Stone (Prehistoric), Standing Stone (Prehistoric)","318520","748260","PERTH AND KINROSS","PERTHSHIRE","RATTRAY","NO 1852 4826","http://canmore.org.uk/site/28707",
"29951","NO20SE 130","Markinch, St Drostan's Parish Church","Church (18th Century), Tower (12th Century)","329745","701967","FIFE","FIFE","MARKINCH","NO 29745 01967","http://canmore.org.uk/site/29951",
"29990","NO20SE 5","Balfarg","Grave (Period Unassigned), Henge (Neol/bronze Age), Inhumation (Period Unassigned), Standing Stone(S) (Prehistoric), Timber Circle (Neolithic), Beaker, Unidentified Pottery (Neolithic)","328198","703123","FIFE","FIFE","MARKINCH","NO 28198 03123","http://canmore.org.uk/site/29990",
"30536","NO22SW 7","Pitfour Park","Standing Stone (Prehistoric)(Possible)","320000","720000","PERTH AND KINROSS","PERTHSHIRE","ST MADOES","NO 20 20","http://canmore.org.uk/site/30536",
"34996","NO56NE 80","Edzell Castle","Castle (Medieval)","358461","769108","ANGUS","ANGUS","EDZELL","NO 58461 69108","http://canmore.org.uk/site/34996",
"35334","NO60NW 3","Crail,the Standing Stone Of Sauchope","Cross Slab (Early Medieval)","361700","708200","FIFE","FIFE","CRAIL","NO 617 082","http://canmore.org.uk/site/35334",
"36379","NO76SW 6","Stone Of Morphie","Grave (Period Unassigned), Standing Stone (Prehistoric)","371690","762730","ABERDEENSHIRE","KINCARDINESHIRE","ST CYRUS","NO 7169 6273","http://canmore.org.uk/site/36379",
"37143","NO89SW 10","Auquhollie, Lang Stane","Ogham Inscribed Stone (Pictish), Pictish Symbol Stone (Pictish), Standing Stone (Prehistoric)","382326","790797","ABERDEENSHIRE","KINCARDINESHIRE","FETTERESSO","NO 82326 90797","http://canmore.org.uk/site/37143",
"37709","NR36NE 7","Islay, Kilmeny, Old Parish Church","Burial Ground (Period Unassigned), Church (Period Unassigned), Cross (Period Unassigned)(Possible), Standing Stone (Prehistoric)(Possible)","138850","665320","ARGYLL AND BUTE","ARGYLL","KILLAROW AND KILMENY","NR 3885 6532","http://canmore.org.uk/site/37709",
"38030","NR44NW 6","Islay, Clachan Ceann Ile","Standing Stone (Prehistoric), Stone (Period Unassigned)","143680","648320","ARGYLL AND BUTE","ARGYLL","KILDALTON AND OA","NR 4368 4832","http://canmore.org.uk/site/38030",
"40317","NS06NW 1","Bute, St Colmac Cross","Cross Slab (Early Medieval), Standing Stone (Bronze Age)","204521","667263","ARGYLL AND BUTE","BUTESHIRE","NORTH BUTE","NS 04521 67263","http://canmore.org.uk/site/40317",
"42124","NS35NE 15","The Four Stones, Lochlands Hill","Standing Stone(S) (Prehistoric)","237900","655030","NORTH AYRSHIRE","AYRSHIRE","BEITH (CUNNINGHAME)","NS 3790 5503","http://canmore.org.uk/site/42124",
"45311","NS68SE 1","Waterhead, Machar Stones","Standing Stone(S) (Prehistoric)","265705","683932","STIRLING","STIRLINGSHIRE","FINTRY","NS 65705 83932","http://canmore.org.uk/site/45311",
"45740","NS75SW 80","Cadzow Castle","Castle (Medieval)","273485","653755","SOUTH LANARKSHIRE","LANARKSHIRE","HAMILTON (SOUTH LANARKSHIRE)","NS 73485 53755","http://canmore.org.uk/site/45740",
"49451","NT08NW 3","Tuilyies","Cup Marked Stone (Prehistoric), Standing Stone (Prehistoric)","302910","686580","FIFE","FIFE","TORRYBURN","NT 0291 8658","http://canmore.org.uk/site/49451",
"51284","NT23NW 15","Kirkton Manor","Standing Stone (Prehistoric)","322690","638630","SCOTTISH BORDERS, THE","PEEBLES-SHIRE","MANOR","NT 2269 3863","http://canmore.org.uk/site/51284",
"51476","NT24SE 40","Peebles, Cross Road, Cross Kirk","Church (13th Century), Friary (15th Century)","325062","640725","SCOTTISH BORDERS, THE","PEEBLES-SHIRE","PEEBLES","NT 25062 40725","http://canmore.org.uk/site/51476",
"51751","NT26NW 1","Edinburgh, Camus Avenue, Comiston House, Dovecot","Dovecot (Period Unassigned), Tower (16th Century)","324004","668604","EDINBURGH, CITY OF","MIDLOTHIAN","EDINBURGH (EDINBURGH, CITY OF)","NT 24004 68604","http://canmore.org.uk/site/51751",
"52381","NT27SE 351","Edinburgh, Holyrood Palace, Holyrood Abbey","Abbey (Medieval), Church (12th Century), Coffin(S) (Medieval)","326940","673964","EDINBURGH, CITY OF","MIDLOTHIAN","EDINBURGH (EDINBURGH, CITY OF)","NT 26940 73964","http://canmore.org.uk/site/52381",
"52527","NT27SE 62","Edinburgh, 163 Canongate, Canongate Tolbooth, City Museum","Museum (20th Century), Tolbooth (16th Century), War Memorial (20th Century)","326418","673792","EDINBURGH, CITY OF","MIDLOTHIAN","EDINBURGH (EDINBURGH, CITY OF)","NT 26418 73792","http://canmore.org.uk/site/52527",
"55738","NT53SW 30","Melrose Abbey","Abbey (Medieval)","354848","634177","SCOTTISH BORDERS, THE","ROXBURGHSHIRE","MELROSE","NT 54848 34177","http://canmore.org.uk/site/55738",
"57173","NT63NW 2","Brothers' Stones, Brotherstone Hill","Standing Stone(S) (Prehistoric)","361900","636000","SCOTTISH BORDERS, THE","BERWICKSHIRE","MERTOUN","NT 6190 3600","http://canmore.org.uk/site/57173",
"57622","NT67NE 21","Easter Broomhouse","Cup Marked Stone (Prehistoric), Standing Stone (Prehistoric)","368008","676615","EAST LOTHIAN","EAST LOTHIAN","SPOTT (EAST LOTHIAN)","NT 68008 76615","http://canmore.org.uk/site/57622",
"58881","NT77SE 40","Dunglass","Collegiate Church (15th Century)","376657","671896","EAST LOTHIAN","EAST LOTHIAN","OLDHAMSTOCKS (EAST LOTHIAN)","NT 76657 71896","http://canmore.org.uk/site/58881",
"59259","NT82NE 81","Stob Stones","Boundary Marker(S) (Period Unassigned), Standing Stone(S) (Prehistoric)","385140","627100","SCOTTISH BORDERS, THE","ROXBURGHSHIRE","YETHOLM","NT 8514 2710","http://canmore.org.uk/site/59259",
"60083","NT95NW 9","Foulden, Old Tithe Barn","Tithe Barn (Medieval)","393105","655804","SCOTTISH BORDERS, THE","BERWICKSHIRE","FOULDEN","NT 93105 55804","http://canmore.org.uk/site/60083",
"60453","NX04NE 20","Whirlpool","Standing Stone (Prehistoric)","206620","548980","DUMFRIES AND GALLOWAY","WIGTOWNSHIRE","STONEYKIRK","NX 0662 4898","http://canmore.org.uk/site/60453",
"62495","NX27SW 4","Laggangarn","Cross Incised Stone(S) (Early Medieval), Standing Stone(S) (Prehistoric)","222230","571660","DUMFRIES AND GALLOWAY","WIGTOWNSHIRE","NEW LUCE","NX 2223 7166","http://canmore.org.uk/site/62495",
"63707","NX55SW 11","Kirkclaugh, 'standing Stone'","Cross Slab (Early Medieval)","253438","552121","DUMFRIES AND GALLOWAY","KIRKCUDBRIGHTSHIRE","ANWOTH","NX 53438 52121","http://canmore.org.uk/site/63707",
"64408","NX74NW 12","Dundrennan Abbey","Abbey (Medieval)","274941","547506","DUMFRIES AND GALLOWAY","KIRKCUDBRIGHTSHIRE","RERRICK","NX 74941 47506","http://canmore.org.uk/site/64408",
"72849","NB13SE 17","Great Bernera, Airigh Mhaoldonuich","Standing Stone (Prehistoric)","117700","934500","WESTERN ISLES","ROSS AND CROMARTY","UIG","NB 177 345","http://canmore.org.uk/site/72849",
"76204","NJ90NW 1251","Aberdeen, Maberly Street, Broadford Works, Hackling Building And Sundial","Building (Period Unassigned), Sundial (Period Unassigned)","393584","806814","ABERDEEN, CITY OF","ABERDEENSHIRE","ABERDEEN","NJ 93584 06814","http://canmore.org.uk/site/76204",
"223742","NO56NE 72","Edzell, Old Parish Church, Lyndsay Burial Vault","Burial Ground (Period Unassigned), Burial Vault (Period Unassigned)","358263","768699","ANGUS","ANGUS","EDZELL","NO 58263 68699","http://canmore.org.uk/site/223742",
"353662","NT22SE 50","Hart Leap Knowe","Standing Stone(S) (Medieval)(Possible)","328085","620453","SCOTTISH BORDERS, THE","SELKIRKSHIRE","ETTRICK","NT 28085 20453","http://canmore.org.uk/site/353662",
